"demoQuestion","total","percentage"
"18-30",806,51.4687100893997
"31-50",436,27.8416347381865
"51-70",260,16.602809706258
"70+",64,4.08684546615581
